Workbook

Sheet Instruções
A1: Como utilizar a planilha INMS 1.1
A3: 1. Base de dados | B3: A aba Avaliação SLA contém os incidentes abertos em julho de 2026, com uma linha por solicitação.
A4: 2. Contagem | B4: IAP vale 1 para cada incidente aberto no período. IADP vale 1 quando o campo “No prazo” é S.
A5: 3. Resultado | B5: O indicador mensal é calculado por Σ IADP / Σ IAP e comparado à meta de 98,00%.
A6: 4. Penalização | B6: Abaixo da meta, aplicam-se 165 pontos mensais, mais 20 pontos por faixa de 0,1% abaixo da meta.
A7: 5. Frações | B7: O critério de fração está parametrizado como INICIADA e pode ser alterado para COMPLETA na aba Parâmetros.
A8: 6. Escopo | B8: Foram excluídos registros cuja abertura ocorreu fora de 01/07/2026 a 31/07/2026, ainda que tenham sido concluídos no mês.

Sheet Detalhamento por Grupo
A1: SEÇÃO 4 · DETALHAMENTO POR GRUPO EXECUTOR
A3: Categoria | B3: Nível | C3: Grupo executor | D3: Linhas | E3: Dentro do prazo | F3: Fora do prazo | G3: % (dentro/linhas) | H3: Tempo médio | I3: Incluído no INMS? | J3: Justificativa de exclusão | K3: Documento autorizador | L3: Observação de auditoria | M3: Chave do grupo
A4: Atendimento Remoto aos Usuários | B4: N1 | C4: (CIT/MINC) - 1º Nível | D4: =COUNTIF('Avaliação SLA'!$T$5:$T$316,$M4) -> 0 | E4: =COUNTIFS('Avaliação SLA'!$T$5:$T$316,$M4,'Avaliação SLA'!$H$5:$H$316,"S") -> 0 | F4: =D4-E4 -> 0 | G4: =IF(D4=0,"Sem ocorrências",E4/D4) -> Sem ocorrências | H4: =IF(D4=0,"—",AVERAGEIF('Avaliação SLA'!$T$5:$T$316,$M4,'Avaliação SLA'!$U$5:$U$316)) -> — | I4: Sim | J4: Não aplicável — nenhuma exclusão aplicada. | K4: Não informado | L4: — | M4: (CIT/MINC) - 1º Nível
A5: Atendimento Presencial aos Usuários | B5: N2 | C5: (CIT/MINC) - 2º Nível | D5: =COUNTIF('Avaliação SLA'!$T$5:$T$316,$M5) -> 60 | E5: =COUNTIFS('Avaliação SLA'!$T$5:$T$316,$M5,'Avaliação SLA'!$H$5:$H$316,"S") -> 60 | F5: =D5-E5 -> 0 | G5: =IF(D5=0,"Sem ocorrências",E5/D5) -> 1 | H5: =IF(D5=0,"—",AVERAGEIF('Avaliação SLA'!$T$5:$T$316,$M5,'Avaliação SLA'!$U$5:$U$316)) -> 0.15989583 | I5: Sim | J5: Não aplicável — nenhuma exclusão aplicada. | K5: Não informado | L5: — | M5: (CIT/MINC) - 2º Nível
A6: Atendimento Presencial aos Usuários | B6: N2 | C6: (CIT/MINC) - 2º Nível/BDB | D6: =COUNTIF('Avaliação SLA'!$T$5:$T$316,$M6) -> 0 | E6: =COUNTIFS('Avaliação SLA'!$T$5:$T$316,$M6,'Avaliação SLA'!$H$5:$H$316,"S") -> 0 | F6: =D6-E6 -> 0 | G6: =IF(D6=0,"Sem ocorrências",E6/D6) -> Sem ocorrências | H6: =IF(D6=0,"—",AVERAGEIF('Avaliação SLA'!$T$5:$T$316,$M6,'Avaliação SLA'!$U$5:$U$316)) -> — | I6: Sim | J6: Não aplicável — nenhuma exclusão aplicada. | K6: Não informado | L6: — | M6: (CIT/MINC) - 2º Nível/BDB
A7: Atendimento Presencial aos Usuários | B7: N2 | C7: (CIT/MINC) - 2º Nível/RJ | D7: =COUNTIF('Avaliação SLA'!$T$5:$T$316,$M7) -> 3 | E7: =COUNTIFS('Avaliação SLA'!$T$5:$T$316,$M7,'Avaliação SLA'!$H$5:$H$316,"S") -> 3 | F7: =D7-E7 -> 0 | G7: =IF(D7=0,"Sem ocorrências",E7/D7) -> 1 | H7: =IF(D7=0,"—",AVERAGEIF('Avaliação SLA'!$T$5:$T$316,$M7,'Avaliação SLA'!$U$5:$U$316)) -> 0.045833333 | I7: Sim | J7: Não aplicável — nenhuma exclusão aplicada. | K7: Não informado | L7: — | M7: (CIT/MINC) - 2º Nível/RJ
A8: Operação e Sustentação da Infraestrutura de TI | B8: N3 | C8: (CIT) Aplicações Web | D8: =COUNTIF('Avaliação SLA'!$T$5:$T$316,$M8) -> 234 | E8: =COUNTIFS('Avaliação SLA'!$T$5:$T$316,$M8,'Avaliação SLA'!$H$5:$H$316,"S") -> 233 | F8: =D8-E8 -> 1 | G8: =IF(D8=0,"Sem ocorrências",E8/D8) -> 0.9957265 | H8: =IF(D8=0,"—",AVERAGEIF('Avaliação SLA'!$T$5:$T$316,$M8,'Avaliação SLA'!$U$5:$U$316)) -> 0.084087132 | I8: Sim | J8: Não aplicável — nenhuma exclusão aplicada. | K8: Não informado | L8: — | M8: (CIT) Aplicações Web
A9: Operação e Sustentação da Infraestrutura de TI | B9: N3 | C9: (CIT) Banco de Dados | D9: =COUNTIF('Avaliação SLA'!$T$5:$T$316,$M9) -> 6 | E9: =COUNTIFS('Avaliação SLA'!$T$5:$T$316,$M9,'Avaliação SLA'!$H$5:$H$316,"S") -> 6 | F9: =D9-E9 -> 0 | G9: =IF(D9=0,"Sem ocorrências",E9/D9) -> 1 | H9: =IF(D9=0,"—",AVERAGEIF('Avaliação SLA'!$T$5:$T$316,$M9,'Avaliação SLA'!$U$5:$U$316)) -> 0.0099537037 | I9: Sim | J9: Não aplicável — nenhuma exclusão aplicada. | K9: Não informado | L9: — | M9: (CIT) Banco de Dados
A10: Operação e Sustentação da Infraestrutura de TI | B10: N3 | C10: (CIT) Segurança | D10: =COUNTIF('Avaliação SLA'!$T$5:$T$316,$M10) -> 0 | E10: =COUNTIFS('Avaliação SLA'!$T$5:$T$316,$M10,'Avaliação SLA'!$H$5:$H$316,"S") -> 0 | F10: =D10-E10 -> 0 | G10: =IF(D10=0,"Sem ocorrências",E10/D10) -> Sem ocorrências | H10: =IF(D10=0,"—",AVERAGEIF('Avaliação SLA'!$T$5:$T$316,$M10,'Avaliação SLA'!$U$5:$U$316)) -> — | I10: Sim | J10: Não aplicável — nenhuma exclusão aplicada. | K10: Não informado | L10: — | M10: (CIT) Segurança
A11: Grupo sob análise de responsabilidade | B11: — | C11: Executores CODIN/SEI | D11: =COUNTIF('Avaliação SLA'!$T$5:$T$316,$M11) -> 9 | E11: =COUNTIFS('Avaliação SLA'!$T$5:$T$316,$M11,'Avaliação SLA'!$H$5:$H$316,"S") -> 6 | F11: =D11-E11 -> 3 | G11: =IF(D11=0,"Sem ocorrências",E11/D11) -> 0.66666667 | H11: =IF(D11=0,"—",AVERAGEIF('Avaliação SLA'!$T$5:$T$316,$M11,'Avaliação SLA'!$U$5:$U$316)) -> 0.44050926 | I11: Não | J11: Nenhuma exclusão aplicada — ausência de fundamento documental formal para exclusão do grupo. | K11: Não informado | L11: Grupo não previsto em categorias.yaml. Por padrão continua no consolidado do indicador (denominador = total de registros abertos no período); para excluí-lo, altere "Incluído no INMS?" para "Não" e preencha Justificativa/Documento autorizador ao lado. | M11: Executores CODIN/SEI

Sheet Avaliação SLA
A1: Avaliação mensal de incidentes atendidos no prazo — INMS 1.1
A2: Registros considerados: incidentes abertos de 01/07/2026 a 31/07/2026.
A3: AGREGADO | C3: =SUBTOTAL(103,B5:B316)&" incidentes" -> 312 incidentes | I3: =SUBTOTAL(109,I5:I316) -> 308 | J3: =SUBTOTAL(109,J5:J316) -> 312 | K3: =IFERROR(I3/J3,"") -> 0.98717949 | L3: =Parâmetros!$B$4 -> 0.98 | M3: =IF(K3="","",MAX(0,L3-K3)) -> 0 | N3: =IF(M3="","",IF(Parâmetros!$B$8="INICIADA",ROUNDUP(M3/Parâmetros!$B$5,0),ROUNDDOWN(M3/Parâmetros!$B$5,0))) -> 0 | O3: =IF(K3<L3,Parâmetros!$B$6,0) -> 0 | P3: =IF(K3<L3,N3*Parâmetros!$B$7,0) -> 0 | Q3: =O3+P3 -> 0 | R3: =IF(K3>=L3,"ATENDIDO","NÃO ATENDIDO") -> ATENDIDO
A4: Competência | B4: Nº Solicitação | C4: Atividade | D4: SLA | E4: Data/hora abertura | F4: Data/hora limite | G4: Data/hora fim | H4: No prazo | I4: IADP | J4: IAP | K4: INMS 1.1 | L4: Meta | M4: Déficit (p.p.) | N4: Faixas de 0,1% | O4: Pontos base | P4: Pontos variáveis | Q4: Pontos totais | R4: Resultado | S4: Observações | T4: Grupo executor | U4: Tempo de atendimento
A5: 46204 | B5: 89352 | C5: Indisponibilidade SEI | D5: (CIT) Incidente - Alta 02 horas | E5: 46204.331 | F5: 46204.458 | G5: 46204.45 | H5: S | I5: =IF(H5="S",1,0) -> 1 | J5: 1 | R5: =IF(H5="S","DENTRO DO PRAZO","FORA DO PRAZO") -> DENTRO DO PRAZO | T5: (CIT) Aplicações Web | U5: 0.11944444
A6: 46204 | B6: 89412 | C6: 10 - Verificar erro/falha na WI-FI | D6: (CIT) Incidente - Alta 02 horas | E6: 46204.399 | F6: 46204.483 | G6: 46204.424 | H6: S | I6: =IF(H6="S",1,0) -> 1 | J6: 1 | R6: =IF(H6="S","DENTRO DO PRAZO","FORA DO PRAZO") -> DENTRO DO PRAZO | T6: (CIT/MINC) - 2º Nível | U6: 0.024305556
A7: 46204 | B7: 89454 | C7: 10 - Verificar erro/ falha em Computador/Notebook | D7: (CIT) Incidente - Alta 02 horas | E7: 46204.468 | F7: 46204.551 | G7: 46204.515 | H7: S | I7: =IF(H7="S",1,0) -> 1 | J7: 1 | R7: =IF(H7="S","DENTRO DO PRAZO","FORA DO PRAZO") -> DENTRO DO PRAZO | T7: (CIT/MINC) - 2º Nível | U7: 0.047222222
A8: 46204 | B8: 89479 | C8: 10 - Verificar erro/ falha em Computador/Notebook | D8: (CIT) Incidente - Alta 02 horas | E8: 46204.501 | F8: 46204.61 | G8: 46204.572 | H8: S | I8: =IF(H8="S",1,0) -> 1 | J8: 1 | R8: =IF(H8="S","DENTRO DO PRAZO","FORA DO PRAZO") -> DENTRO DO PRAZO | T8: (CIT/MINC) - 2º Nível | U8: 0.070138889
A9: 46204 | B9: 89507 | C9: 01 - Problemas e indisponibilidade | D9: (CIT) Incidente - Alta 02 horas | E9: 46204.622 | F9: 46204.706 | G9: 46204.674 | H9: S | I9: =IF(H9="S",1,0) -> 1 | J9: 1 | R9: =IF(H9="S","DENTRO DO PRAZO","FORA DO PRAZO") -> DENTRO DO PRAZO | T9: (CIT/MINC) - 2º Nível | U9: 0.052083333
A10: 46204 | B10: 89540 | C10: 06 - Verificar erro/ falha em software/aplicativo | D10: (CIT) Incidente - Alta 02 horas | E10: 46204.681 | F10: 46204.765 | G10: 46204.706 | H10: S | I10: =IF(H10="S",1,0) -> 1 | J10: 1 | R10: =IF(H10="S","DENTRO DO PRAZO","FORA DO PRAZO") -> DENTRO DO PRAZO | T10: (CIT/MINC) - 2º Nível | U10: 0.024305556
A11: 46204 | B11: 89543 | C11: 06 - Verificar erro/ falha em software/aplicativo | D11: (CIT) Incidente - Alta 02 horas | E11: 46204.685 | F11: 46204.768 | G11: 46204.706 | H11: S | I11: =IF(H11="S",1,0) -> 1 | J11: 1 | R11: =IF(H11="S","DENTRO DO PRAZO","FORA DO PRAZO") -> DENTRO DO PRAZO | T11: (CIT/MINC) - 2º Nível | U11: 0.020833333
A12: 46204 | B12: 89624 | C12: Erro no uso do SEI | D12: (CIT) Incidente - Alta 02 horas | E12: 46205.379 | F12: 46205.463 | G12: 46205.39 | H12: S | I12: =IF(H12="S",1,0) -> 1 | J12: 1 | R12: =IF(H12="S","DENTRO DO PRAZO","FORA DO PRAZO") -> DENTRO DO PRAZO | T12: Executores CODIN/SEI | U12: 0.011111111
A13: 46204 | B13: 89639 | C13: 11 - Verificar erro/falha no ponto de rede | D13: (CIT) Incidente - Alta 02 horas | E13: 46205.421 | F13: 46205.504 | G13: 46205.465 | H13: S | I13: =IF(H13="S",1,0) -> 1 | J13: 1 | R13: =IF(H13="S","DENTRO DO PRAZO","FORA DO PRAZO") -> DENTRO DO PRAZO | T13: (CIT/MINC) - 2º Nível | U13: 0.044444444
A14: 46204 | B14: 89689 | C14: Erro no uso do SEI | D14: (CIT) Incidente - Alta 02 horas | E14: 46205.495 | F14: 46205.578 | G14: 46205.581 | H14: N | I14: =IF(H14="S",1,0) -> 0 | J14: 1 | R14: =IF(H14="S","DENTRO DO PRAZO","FORA DO PRAZO") -> FORA DO PRAZO | T14: Executores CODIN/SEI | U14: 0.085416667
A15: 46204 | B15: 89732 | C15: 05 - (AIOPS) Alerta (P1 Crítico e P2 Alto) | D15: (CIT) Incidente - Alta 02 horas | E15: 46205.585 | F15: 46205.669 | G15: 46205.617 | H15: S | I15: =IF(H15="S",1,0) -> 1 | J15: 1 | R15: =IF(H15="S","DENTRO DO PRAZO","FORA DO PRAZO") -> DENTRO DO PRAZO | T15: (CIT) Aplicações Web | U15: 0.031944444
A16: 46204 | B16: 89733 | C16: 05 - (AIOPS) Alerta (P1 Crítico e P2 Alto) | D16: (CIT) Incidente - Alta 02 horas | E16: 46205.585 | F16: 46205.669 | G16: 46205.607 | H16: S | I16: =IF(H16="S",1,0) -> 1 | J16: 1 | R16: =IF(H16="S","DENTRO DO PRAZO","FORA DO PRAZO") -> DENTRO DO PRAZO | T16: (CIT) Aplicações Web | U16: 0.021527778
... A316: 46204 | B316: 92853 | C316: 06 - Verificar erro/ falha em software/aplicativo | D316: (CIT) Incidente - Alta 02 horas | E316: 46234.653 | F316: 46234.736 | G316: 46234.675 | H316: S | I316: =IF(H316="S",1,0) -> 1 | J316: 1 | R316: =IF(H316="S","DENTRO DO PRAZO","FORA DO PRAZO") -> DENTRO DO PRAZO | T316: (CIT/MINC) - 2º Nível | U316: 0.022222222

Sheet Parâmetros
A1: Avaliação mensal de incidentes atendidos no prazo — INMS 1.1
A3: Parâmetro | B3: Valor | C3: Unidade | D3: Observação
A4: Meta do indicador | B4: 0.98 | C4: % | D4: Meta mensal: pelo menos 98,00%.
A5: Faixa de penalização | B5: 0.001 | C5: ponto percentual | D5: Corresponde a 0,1 ponto percentual abaixo da meta.
A6: Pontos base | B6: 165 | C6: pontos | D6: Aplicados mensalmente quando o índice ficar abaixo de 98%.
A7: Pontos por faixa | B7: 20 | C7: pontos | D7: Adicionados para cada faixa de 0,1% abaixo da meta.
A8: Critério para fração de faixa | B8: COMPLETA | D8: INICIADA: qualquer fração conta. COMPLETA: somente faixas completas.
A11: Fórmula contratual
A12: INMS 1.1 = (Σ IADP / Σ IAP) × 100
A14: Siglas
A15: IADP | B15: Quantidade total de incidentes atendidos dentro do prazo
A16: IAP | B16: Quantidade total de incidentes abertos no período

Sheet Resumo
A1: Resumo mensal — INMS 1.1
A3: Indicador | B3: Valor | D3: Situação | E3: Quantidade
A4: Incidentes abertos | B4: =SUM('Avaliação SLA'!J5:J316) -> 312 | D4: Dentro do prazo | E4: =SUM('Avaliação SLA'!I5:I316) -> 308
A5: Fora do prazo | B5: =B4-E4 -> 4 | D5: Resultado | E5: ='Avaliação SLA'!R3 -> ATENDIDO
A6: INMS 1.1 | B6: ='Avaliação SLA'!K3 -> 0.98717949 | D6: Pontos totais | E6: ='Avaliação SLA'!Q3 -> 0
A7: Meta | B7: ='Avaliação SLA'!L3 -> 0.98

Sheet Subtotais por Nível
A1: SUBTOTAIS POR NÍVEL
A3: Nível / Grupo | B3: Linhas | C3: Dentro do prazo | D3: Fora do prazo | E3: % bruto | F3: Tempo médio
A4: N1 | B4: =SUMIF('Detalhamento por Grupo'!$B$4:$B$11,"N1",'Detalhamento por Grupo'!$D$4:$D$11) -> 0 | C4: =SUMIF('Detalhamento por Grupo'!$B$4:$B$11,"N1",'Detalhamento por Grupo'!$E$4:$E$11) -> 0 | D4: =B4-C4 -> 0 | E4: =IF(B4=0,"Sem ocorrências",C4/B4) -> Sem ocorrências | F4: =IF(B4=0,"—",SUMPRODUCT(('Detalhamento por Grupo'!$B$4:$B$11="N1")*'Detalhamento por Grupo'!$D$4:$D$11*IFERROR('Detalhamento por Grupo'!$H$4:$H$11,0))/B4) -> —
A5: N2 | B5: =SUMIF('Detalhamento por Grupo'!$B$4:$B$11,"N2",'Detalhamento por Grupo'!$D$4:$D$11) -> 63 | C5: =SUMIF('Detalhamento por Grupo'!$B$4:$B$11,"N2",'Detalhamento por Grupo'!$E$4:$E$11) -> 63 | D5: =B5-C5 -> 0 | E5: =IF(B5=0,"Sem ocorrências",C5/B5) -> 1 | F5: =IF(B5=0,"—",SUMPRODUCT(('Detalhamento por Grupo'!$B$4:$B$11="N2")*'Detalhamento por Grupo'!$D$4:$D$11*IFERROR('Detalhamento por Grupo'!$H$4:$H$11,0))/B5) -> 0.15989583
A6: N3 | B6: =SUMIF('Detalhamento por Grupo'!$B$4:$B$11,"N3",'Detalhamento por Grupo'!$D$4:$D$11) -> 240 | C6: =SUMIF('Detalhamento por Grupo'!$B$4:$B$11,"N3",'Detalhamento por Grupo'!$E$4:$E$11) -> 239 | D6: =B6-C6 -> 1 | E6: =IF(B6=0,"Sem ocorrências",C6/B6) -> 0.99583333 | F6: =IF(B6=0,"—",SUMPRODUCT(('Detalhamento por Grupo'!$B$4:$B$11="N3")*'Detalhamento por Grupo'!$D$4:$D$11*IFERROR('Detalhamento por Grupo'!$H$4:$H$11,0))/B6) -> #VALUE!
A7: Sem nível (Grupo sob análise de responsabilidade) | B7: =SUMIF('Detalhamento por Grupo'!$B$4:$B$11,"—",'Detalhamento por Grupo'!$D$4:$D$11) -> 9 | C7: =SUMIF('Detalhamento por Grupo'!$B$4:$B$11,"—",'Detalhamento por Grupo'!$E$4:$E$11) -> 6 | D7: =B7-C7 -> 3 | E7: =IF(B7=0,"Sem ocorrências",C7/B7) -> 0.66666667 | F7: =IF(B7=0,"—",SUMPRODUCT(('Detalhamento por Grupo'!$B$4:$B$11="—")*'Detalhamento por Grupo'!$D$4:$D$11*IFERROR('Detalhamento por Grupo'!$H$4:$H$11,0))/B7) -> 0.045833333
A8: Total geral | B8: =SUM(B4:B7) -> 312 | C8: =SUM(C4:C7) -> 308 | D8: =SUM(D4:D7) -> 4 | E8: =IF(B8=0,"Sem ocorrências",C8/B8) -> 0.98717949
